1,Dodda,7896543210,chawan@gmail.com,1,13-12-2018,23,4,2,4,Jalahalli,NULL,NULL,1,1,1,1,1,NULL,1,1,NULL,NULL,NULL,NULL,1,NULL,NULL,NULL,NULL,1,16-01-2020 23:32,16-01-2020 23:32
2,Dodda,7896543211,chawan@gmail.com,2,14-12-2018,23,4,2,4,Jalahalli,NULL,NULL,1,1,1,1,1,NULL,1,1,NULL,NULL,NULL,NULL,2,NULL,NULL,NULL,NULL,2,16-01-2020 23:32,16-01-2020 23:32
3,Dodda,7896543212,chawan@gmail.com,3,15-12-2018,23,4,2,4,Jalahalli,NULL,NULL,1,1,1,1,1,NULL,1,1,NULL,NULL,NULL,NULL,3,NULL,NULL,NULL,NULL,3,16-01-2020 23:32,16-01-2020 23:32
4,Dodda,7896543213,chawan@gmail.com,4,16-12-2018,23,4,2,4,Jalahalli,NULL,NULL,1,1,1,1,1,NULL,1,1,NULL,NULL,NULL,NULL,4,NULL,NULL,NULL,NULL,4,16-01-2020 23:32,16-01-2020 23:32
5,Dodda,7896543214,chawan@gmail.com,5,17-12-2018,23,4,2,4,Jalahalli,NULL,NULL,1,1,1,1,1,NULL,1,1,NULL,NULL,NULL,NULL,5,NULL,NULL,NULL,NULL,5,16-01-2020 23:32,16-01-2020 23:32
6,Dodda,7896543215,chawan@gmail.com,6,18-12-2018,23,4,2,4,Jalahalli,NULL,NULL,1,1,1,1,1,NULL,1,1,NULL,NULL,NULL,NULL,6,NULL,NULL,NULL,NULL,6,16-01-2020 23:32,16-01-2020 23:32
7,Dodda,7896543216,chawan@gmail.com,7,19-12-2018,23,4,2,4,Jalahalli,NULL,NULL,1,1,1,1,1,NULL,1,1,NULL,NULL,NULL,NULL,7,NULL,NULL,NULL,NULL,7,16-01-2020 23:32,16-01-2020 23:32
8,Dodda,7896543217,chawan@gmail.com,8,20-12-2018,23,4,2,4,Jalahalli,NULL,NULL,1,1,1,1,1,NULL,1,1,NULL,NULL,NULL,NULL,8,NULL,NULL,NULL,NULL,8,16-01-2020 23:32,16-01-2020 23:32
9,Dodda,7896543218,chawan@gmail.com,9,21-12-2018,23,4,2,4,Jalahalli,NULL,NULL,1,1,1,1,1,NULL,1,1,NULL,NULL,NULL,NULL,9,NULL,NULL,NULL,NULL,9,16-01-2020 23:32,16-01-2020 23:32
10,Dodda,7896543219,chawan@gmail.com,10,22-12-2018,23,4,2,4,Jalahalli,NULL,NULL,1,1,1,1,1,NULL,1,1,NULL,NULL,NULL,NULL,10,NULL,NULL,NULL,NULL,10,16-01-2020 23:32,16-01-2020 23:32
11,Dodda,7896543220,chawan@gmail.com,11,23-12-2018,23,4,2,4,Jalahalli,NULL,NULL,1,1,1,1,1,NULL,1,1,NULL,NULL,NULL,NULL,11,NULL,NULL,NULL,NULL,11,16-01-2020 23:32,16-01-2020 23:32
12,Dodda,7896543221,chawan@gmail.com,12,24-12-2018,23,4,2,4,Jalahalli,NULL,NULL,1,1,1,1,1,NULL,1,1,NULL,NULL,NULL,NULL,12,NULL,NULL,NULL,NULL,12,16-01-2020 23:32,16-01-2020 23:32
13,Dodda,7896543222,chawan@gmail.com,13,25-12-2018,23,4,2,4,Jalahalli,NULL,NULL,1,1,1,1,1,NULL,1,1,NULL,NULL,NULL,NULL,13,NULL,NULL,NULL,NULL,13,16-01-2020 23:32,16-01-2020 23:32
14,Dodda,7896543223,chawan@gmail.com,14,26-12-2018,23,4,2,4,Jalahalli,NULL,NULL,1,1,1,1,1,NULL,1,1,NULL,NULL,NULL,NULL,14,NULL,NULL,NULL,NULL,14,16-01-2020 23:32,16-01-2020 23:32
15,Dodda,7896543224,chawan@gmail.com,15,27-12-2018,23,4,2,4,Jalahalli,NULL,NULL,1,1,1,1,1,NULL,1,1,NULL,NULL,NULL,NULL,15,NULL,NULL,NULL,NULL,15,16-01-2020 23:32,16-01-2020 23:32
16,Dodda,7896543225,chawan@gmail.com,16,28-12-2018,23,4,2,4,Jalahalli,NULL,NULL,1,1,1,1,1,NULL,1,1,NULL,NULL,NULL,NULL,16,NULL,NULL,NULL,NULL,16,16-01-2020 23:32,16-01-2020 23:32
17,Dodda,7896543226,chawan@gmail.com,17,29-12-2018,23,4,2,4,Jalahalli,NULL,NULL,1,1,1,1,1,NULL,1,1,NULL,NULL,NULL,NULL,17,NULL,NULL,NULL,NULL,17,16-01-2020 23:32,16-01-2020 23:32
18,Dodda,7896543227,chawan@gmail.com,18,30-12-2018,23,4,2,4,Jalahalli,NULL,NULL,1,1,1,1,1,NULL,1,1,NULL,NULL,NULL,NULL,18,NULL,NULL,NULL,NULL,18,16-01-2020 23:32,16-01-2020 23:32
19,Dodda,7896543228,chawan@gmail.com,19,31-12-2018,23,4,2,4,Jalahalli,NULL,NULL,1,1,1,1,1,NULL,1,1,NULL,NULL,NULL,NULL,19,NULL,NULL,NULL,NULL,19,16-01-2020 23:32,16-01-2020 23:32
20,Dodda,7896543229,chawan@gmail.com,20,01-01-2019,23,4,2,4,Jalahalli,NULL,NULL,1,1,1,1,1,NULL,1,1,NULL,NULL,NULL,NULL,20,NULL,NULL,NULL,NULL,20,16-01-2020 23:32,16-01-2020 23:32
21,Dodda,7896543230,chawan@gmail.com,21,02-01-2019,23,4,2,4,Jalahalli,NULL,NULL,1,1,1,1,1,NULL,1,1,NULL,NULL,NULL,NULL,21,NULL,NULL,NULL,NULL,21,16-01-2020 23:32,16-01-2020 23:32
22,Dodda,7896543231,chawan@gmail.com,22,03-01-2019,23,4,2,4,Jalahalli,NULL,NULL,1,1,1,1,1,NULL,1,1,NULL,NULL,NULL,NULL,22,NULL,NULL,NULL,NULL,22,16-01-2020 23:32,16-01-2020 23:32
